{"token-diff": 3.004719274140184, "marginal-num": -1.1003439289573482, "cornered-num": -0.9176483849827404, "own-token-num-per-partition": -2.5564852269101475, "own-partition-kill-rate": 0.6757029018974485, "opponent-partition-kill-rate": -2.33916990962923}