{
  "own-token-num": 0.9220548231132202,
  "opponent-num": -0.926066161518984,
  "edge-num": -0.013854617158306326,
  "own-partition-num": 0.6181978540353281
}