{
  "own-token-num": 0.6615338909142904,
  "opponent-num": -1.1405068097263578,
  "edge-num": -0.2565852316487408,
  "own-partition-num": 0.7910199612397267
}